2.62001,2.62479,2.62436,2.62366,2.62927,2.62905,2.63836,2.64904,2.64105,2.64328,2.65294,2.65514,2.65663,2.65342,2.66182,2.66917,2.65993,2.66825,2.66259,2.66926,2.66895,2.68159,2.67840,2.69063,2.69294,2.69388,2.68290,2.69777,2.70371,2.70768,2.70082,2.71013,2.71013,2.71415,2.72837,2.72015,2.72780,2.73631,2.73050,2.73633,2.74066,2.74338,2.73865,2.74946,2.76015,2.74572,2.76316,2.76172,2.76015,2.77900,2.77457,2.76580,2.77645,2.78246,2.78087,2.78910,2.78760,2.79500,2.80263,2.79295,2.80122,2.80022,2.80676,2.80188,2.80852,2.81382,2.82339,2.82787,2.81606,2.82223,2.83388,2.82105,2.83322,2.83842,2.84954,2.84914,2.84604,2.84879,2.85250,2.86614
2.61943,2.62318,2.63012,2.63028,2.63282,2.63032,2.63993,2.64034,2.65300,2.65292,2.65186,2.65901,2.65596,2.66731,2.66397,2.67050,2.66225,2.67508,2.66587,2.66679,2.68017,2.67960,2.68898,2.70447,2.68901,2.69326,2.70123,2.70596,2.70494,2.70776,2.71621,2.71812,2.71180,2.72052,2.72421,2.72067,2.73156,2.72785,2.74183,2.74016,2.74254,2.74145,2.74729,2.73901,2.74721,2.75918,2.74723,2.76808,2.75552,2.77354,2.76693,2.77967,2.77879,2.77178,2.79149,2.79565,2.78961,2.79136,2.79504,2.79315,2.80859,2.80174,2.80769,2.80624,2.81024,2.80933,2.82754,2.82208,2.83180,2.82908,2.82783,2.83304,2.83464,2.84105,2.84175,2.84520,2.84173,2.84816,2.86592,2.85497
2.61768,2.62902,2.63844,2.62428,2.63475,2.63521,2.63143,2.64941,2.64786,2.65143,2.64949,2.65973,2.65676,2.66214,2.65935,2.66170,2.68001,2.67196,2.67975,2.68080,2.68135,2.68395,2.69378,2.69119,2.69509,2.69913,2.70906,2.70908,2.71030,2.70762,2.70571,2.72270,2.72580,2.72216,2.72925,2.73369,2.73699,2.74053,2.73527,2.75009,2.73652,2.75217,2.75296,2.75824,2.76727,2.76791,2.75513,2.75487,2.77290,2.76491,2.77393,2.78204,2.77014,2.77034,2.78756,2.78927,2.79053,2.79523,2.79284,2.79192,2.80300,2.80117,2.80014,2.81603,2.81563,2.82144,2.81606,2.82105,2.82201,2.82568,2.83517,2.83230,2.84214,2.84504,2.85815,2.84064,2.85733,2.85446,2.85792,2.85230
2.62324,2.63346,2.63151,2.63549,2.63626,2.64793,2.64387,2.63380,2.64585,2.64119,2.63649,2.65582,2.67000,2.66528,2.66096,2.66536,2.68078,2.67795,2.68029,2.68268,2.68623,2.69383,2.69532,2.69629,2.69174,2.70407,2.69989,2.71356,2.70237,2.71217,2.71596,2.71105,2.73233,2.73376,2.72522,2.73563,2.73627,2.72132,2.74150,2.74263,2.74650,2.74254,2.75038,2.75393,2.76513,2.76301,2.76397,2.77617,2.76667,2.77066,2.76510,2.78841,2.78779,2.79050,2.79201,2.79166,2.79529,2.79549,2.79878,2.80333,2.81507,2.81233,2.81165,2.81152,2.81419,2.83062,2.82704,2.82741,2.82792,2.82635,2.83560,2.84424,2.83964,2.84364,2.84667,2.85166,2.84444,2.85559,2.85487,2.86831
2.62338,2.63446,2.64315,2.63512,2.63639,2.64415,2.64599,2.64304,2.65477,2.66709,2.65645,2.65978,2.65773,2.66891,2.66252,2.66636,2.68368,2.67357,2.68849,2.69415,2.68956,2.69432,2.70571,2.69582,2.69644,2.69488,2.70625,2.71787,2.71776,2.70935,2.71287,2.71797,2.72575,2.72577,2.73129,2.73478,2.73421,2.73876,2.74324,2.74450,2.75102,2.76223,2.75755,2.75733,2.74988,2.76533,2.75432,2.76055,2.77713,2.77924,2.77710,2.77074,2.78177,2.78293,2.79382,2.80655,2.79730,2.79432,2.79498,2.80466,2.80694,2.80409,2.81470,2.81009,2.82667,2.82938,2.83251,2.82616,2.83509,2.83421,2.83567,2.83897,2.83620,2.83834,2.85477,2.85185,2.85730,2.86501,2.85160,2.86030
2.63105,2.63535,2.63374,2.64518,2.64326,2.63772,2.64242,2.65583,2.65678,2.64561,0.00000,0.00000,0.00000,0.00000,0.00000,2.66824,2.69322,2.67995,2.69353,2.68312,2.69098,2.68297,2.69370,2.70490,2.69449,2.71143,2.71002,2.70474,2.71099,2.71425,2.71970,2.71978,2.72104,2.72717,2.72584,2.72726,2.73771,2.74630,2.73482,2.74702,2.74610,2.74714,2.76112,2.75589,2.77099,2.76032,2.77032,2.76964,2.76948,2.78053,2.77907,2.78662,2.78572,2.78249,2.79139,2.79531,2.80375,2.79556,2.80376,2.79667,2.81391,2.80651,2.80516,2.81864,2.82863,2.81585,2.82147,2.82654,2.82722,2.83928,2.83516,2.83867,2.84950,2.84447,2.85460,2.84917,2.85073,2.84999,2.87517,2.86508
2.63346,2.63481,2.63896,2.64130,2.65545,2.64077,2.64066,2.64693,2.64799,2.66348,0.00000,0.00000,0.00000,0.00000,0.00000,2.66008,2.68316,2.67655,2.69224,2.68253,2.69029,2.68596,2.69214,2.70932,2.70892,2.70459,2.70478,2.70164,2.71364,2.71881,2.72150,2.72444,2.72127,2.73060,2.73377,2.74474,2.75120,2.74218,2.74140,2.74861,2.74835,2.75055,2.75765,2.75474,2.76764,2.76638,2.77150,2.77190,2.77164,2.77331,2.78058,2.78171,2.78940,2.79097,2.78583,2.79740,2.79194,2.79930,2.80423,2.79655,2.81255,2.81591,2.81705,2.81845,2.82176,2.82114,2.82838,2.82968,2.83655,2.83178,2.84341,2.84586,2.84715,2.84836,2.85731,2.84701,2.86276,2.86446,2.86770,2.87130
2.63008,2.63544,2.64382,2.64558,2.64724,2.63991,2.65523,2.66202,2.66406,2.66240,0.00000,0.00000,0.00000,0.00000,0.00000,2.67005,2.67422,2.68119,2.69564,2.68877,2.69563,2.70749,2.70956,2.70238,2.70455,2.70143,2.70783,2.71755,2.72037,2.72166,2.72997,2.72237,2.72966,2.73739,2.73950,2.74543,2.74438,2.74314,2.75017,2.74498,2.74416,2.76048,2.75967,2.76485,2.75581,2.76681,2.76840,2.76981,2.76447,2.77899,2.78938,2.78929,2.78639,2.79291,2.80054,2.78244,2.80125,2.80826,2.81209,2.82120,2.82081,2.81888,2.82181,2.82772,2.82276,2.82876,2.83744,2.84674,2.83704,2.84071,2.84519,2.85506,2.84982,2.86182,2.85020,2.85788,2.86081,2.86972,2.87427,2.86194
2.63051,2.64102,2.63805,2.63587,2.65423,2.65396,2.65696,2.65415,2.66617,2.66156,2.67258,2.66353,2.66688,2.67623,2.67379,2.68505,2.68556,2.68146,2.69044,2.69089,2.70149,2.69520,2.69936,2.71227,2.72143,2.72299,2.71438,2.71831,2.72920,2.72225,2.72014,2.72970,2.73471,2.73003,2.72812,2.73238,2.74799,2.74245,2.74915,2.75428,2.75971,2.75699,2.76499,2.75966,2.76583,2.76485,2.78079,2.77684,2.77556,2.78089,2.78467,2.79320,2.78243,2.78878,2.79573,2.81619,2.80973,2.80633,2.81427,2.82534,2.81460,2.81680,2.82927,2.82797,2.83203,2.82795,2.84555,2.84726,2.84340,2.84711,2.83384,2.85283,2.85084,2.85760,2.86209,2.85895,2.85386,2.86921,2.86555,2.87102
2.63437,2.63895,2.63014,2.65430,2.65152,2.65967,2.66788,2.65914,2.65119,2.65964,2.66076,2.66799,2.67448,2.66499,2.68205,2.67394,2.68778,2.68834,2.69012,2.69456,2.69476,2.69733,2.69390,2.70682,2.72107,2.72488,2.72393,2.72323,2.71794,2.73366,2.72766,2.73059,2.73225,2.73755,2.73739,2.74250,2.73949,2.74676,2.76568,2.75458,2.75657,2.76419,2.76825,2.76032,2.76876,2.77851,2.77762,2.77973,2.79132,2.78093,2.78850,2.78788,2.80294,2.78529,2.79598,2.79983,2.80998,2.81264,2.82037,2.80556,2.82250,2.81924,2.82001,2.83024,2.82448,2.82054,2.83378,2.83001,2.83811,2.84723,2.84987,2.86052,2.85280,2.84780,2.85546,2.85748,2.85869,2.87161,2.86813,2.86314
2.64418,2.64233,2.64814,2.64963,2.65579,2.65523,2.66542,2.66355,2.66635,2.66946,2.66126,2.67201,2.67444,2.68025,2.67385,2.69480,2.68863,2.68373,2.68375,2.69531,2.69946,2.69869,2.70655,2.70515,2.71531,2.71065,2.71777,2.72687,2.73943,2.72095,2.72721,2.72796,2.74071,2.73211,2.73909,2.74482,2.74213,2.74526,2.75115,2.74440,2.75133,2.76052,2.76689,2.76789,2.76136,2.77222,2.78279,2.78434,2.78353,2.78168,2.79379,2.78953,2.78898,2.79419,2.81069,2.80632,2.81496,2.80812,2.81963,2.81339,2.81906,2.83792,2.83060,2.82599,2.83149,2.83696,2.84526,2.83807,2.83355,2.84532,2.85009,2.85366,2.86390,2.86090,2.86688,2.85839,2.87321,2.88358,2.87864,2.87852
2.64292,2.65572,2.64244,2.65033,2.65676,2.66146,2.65738,2.66484,2.66433,2.66972,2.67121,2.66815,2.67787,2.68626,2.67820,2.68555,2.69399,2.68658,2.69710,2.69264,2.70881,2.71888,2.72013,2.70968,2.71844,2.71773,2.72061,2.73229,2.71808,2.73533,2.73171,2.74345,2.73912,2.73696,2.74566,2.75142,2.75021,2.75593,2.75287,2.74620,2.76740,2.76919,2.76889,2.77141,2.78022,2.77426,2.77576,2.78187,2.79313,2.78068,2.79915,2.79116,2.79140,2.80856,2.80342,2.79920,2.80785,2.81859,2.82315,2.81644,2.82444,2.82928,2.82413,2.83313,2.83381,2.83378,2.83705,2.84340,2.84618,2.84561,2.84944,2.86168,2.85928,2.86631,2.87121,2.87053,2.88363,2.86805,2.88085,2.87709
2.65513,2.65720,2.63827,2.64719,2.65999,2.66374,2.66642,2.66457,2.67073,2.67492,2.67353,2.68316,2.66644,2.68680,2.67980,2.69475,2.69063,2.68967,2.70024,2.69553,2.69852,2.69760,2.70984,2.71598,2.72214,2.71815,2.72829,2.72511,2.72744,2.73444,2.74035,2.73495,2.73854,2.74204,2.74650,2.74360,2.75817,2.75260,2.76077,2.75605,2.76615,2.76935,2.76748,2.78513,2.77823,2.78966,2.78775,2.78103,2.78571,2.79362,2.79437,2.79730,2.79828,2.79215,2.80465,2.79569,2.81423,2.81064,2.81371,2.81968,2.82564,2.81841,2.81951,2.82660,2.82375,2.83320,2.85155,2.83866,2.85191,2.84277,2.85579,2.85508,2.85964,2.86641,2.87654,2.87017,2.87275,2.86916,2.88150,2.87952
2.65099,2.64874,2.66245,2.64310,2.65622,2.66629,2.66190,2.66225,2.66840,2.66472,2.67671,2.69364,2.68887,2.67835,2.68276,2.68857,2.70003,2.69207,2.69586,2.70831,2.71119,2.70676,2.70529,2.70570,2.71381,2.70762,2.72850,2.72322,2.73289,2.74421,2.74304,2.73209,2.74722,2.75195,2.74352,2.74528,2.75334,2.74739,2.76882,2.74857,2.75936,2.76738,2.77064,2.77600,2.77963,2.77972,2.79082,2.77416,2.79000,2.78871,2.79680,2.80032,2.79653,2.80115,2.81276,2.81309,2.80992,2.82924,2.83386,2.81423,2.82781,2.84405,2.83670,2.83633,2.83675,2.83775,2.84272,2.84370,2.85447,2.85061,2.85335,2.85179,2.86170,2.85964,2.86692,2.87725,2.87620,2.88003,2.88214,2.88336
2.64724,2.64915,2.65855,2.65049,2.66804,2.66320,2.66151,2.66607,2.66794,2.67596,2.67369,2.68785,2.67931,2.67336,2.68561,2.68095,2.69576,2.70535,2.70589,2.69697,2.70343,2.72167,2.71591,2.71702,2.72634,2.73772,2.73378,2.72984,2.73413,2.73870,2.73432,2.73465,2.74431,2.74132,2.74963,2.75358,2.77005,2.75389,2.76127,2.76401,2.77062,2.77728,2.77106,2.77207,2.77016,2.77744,2.78922,2.78927,2.78591,2.79276,2.79819,2.80402,2.80044,2.80550,2.79909,2.80609,2.82571,2.80587,2.81997,2.82632,2.82575,2.82615,2.83363,2.83697,2.83951,2.83173,2.84512,2.84387,2.84871,2.85636,2.86184,2.86638,2.86102,2.87254,2.87704,2.87982,2.88434,2.87813,2.88096,2.88995
2.64180,2.65426,2.65282,2.65679,2.65155,2.65966,2.66788,2.67633,2.67994,2.67652,2.67886,2.67802,2.68841,2.68751,2.69564,2.70551,2.69781,2.69202,2.69883,2.69825,2.70282,2.72083,2.71736,2.70988,2.72592,2.73256,2.72584,2.72694,2.73198,2.73871,2.74384,2.75009,2.75327,2.75611,2.76017,2.75897,2.74881,2.76021,2.76588,2.76470,2.77547,2.77084,2.77045,2.78767,2.78600,2.78632,2.79356,2.79738,2.79605,2.78225,2.79595,2.80026,2.80009,2.81019,2.81915,2.81209,2.81119,2.83317,2.82129,2.81960,2.83143,2.83555,2.83177,2.84374,2.83908,2.83946,2.84907,2.85562,2.85020,2.85898,2.85944,2.87995,2.86175,2.87731,2.87169,2.87424,2.88233,2.88636,2.89160,2.88897
2.64840,2.65177,2.66106,2.66449,2.67239,2.66951,2.67636,2.68210,2.67699,2.67009,2.67492,2.67637,2.69755,2.68592,2.70139,2.70051,2.71029,2.70902,2.70539,2.70780,2.71251,2.71605,2.71482,2.72080,2.73366,2.71679,2.73155,2.72756,2.73712,2.74404,2.74165,2.74964,2.73846,2.75764,2.75038,2.76073,2.76109,2.74749,2.76146,2.77032,2.78132,2.77672,2.77955,2.77252,2.79259,2.79784,2.79017,2.79168,2.78629,2.80430,2.81821,2.80930,2.81558,2.81425,2.80809,2.82502,2.81259,2.82174,2.82767,2.83430,2.83450,2.83732,2.83343,2.83326,2.84437,2.84274,2.84215,2.84540,2.85306,2.84788,2.85392,2.85519,2.86909,2.87345,2.88604,2.86801,2.87592,2.88848,2.88470,2.88704
2.66426,2.65497,2.65306,2.65510,2.66801,2.67083,2.66377,2.66909,2.68121,2.68446,2.68014,2.69073,2.69343,2.68230,2.69413,2.70149,2.69856,2.69217,2.70630,2.71551,2.72348,2.70386,2.73568,2.71624,2.73174,2.73641,2.73790,2.73590,2.73103,2.74476,2.73971,2.73186,2.76697,2.75725,2.76691,2.75353,2.77081,2.77454,2.77733,2.77087,2.76679,2.77594,2.76678,2.77279,2.78655,2.78305,2.79101,2.79435,2.80958,2.80879,2.80373,2.81425,2.80532,2.81098,2.82146,2.81155,2.82033,2.81707,2.82870,2.84080,2.82949,2.83836,2.83462,2.83610,2.83858,2.85773,2.86617,2.85790,2.85370,2.86523,2.86199,2.87181,2.87175,2.87468,2.87964,2.87552,2.87957,2.87467,2.88535,2.88247
2.65513,2.65325,2.66261,2.66772,2.65948,2.66612,2.66834,2.68148,2.69024,2.68811,2.68390,2.69779,2.68292,2.70400,2.69406,2.68432,2.71990,2.71647,2.70381,2.71401,2.71471,2.71961,2.71310,2.72091,2.73081,2.73234,2.74120,2.73748,2.75410,2.73871,2.74756,2.73750,2.74448,2.76297,2.75234,2.76418,2.76363,2.76073,2.76791,2.76991,2.77308,2.78352,2.78591,2.78154,2.78256,2.79269,2.79340,2.80317,2.81593,2.80806,2.80579,2.80797,2.80686,2.80956,2.81198,2.81863,2.82144,2.83146,1.64761,2.83182,2.82869,2.84887,2.84504,2.85573,2.85278,2.85994,2.85251,2.86130,2.87623,2.85566,2.87306,2.87919,2.87453,2.87959,2.88568,2.87698,2.88650,2.88167,2.88585,2.88921
2.65712,2.66190,2.66678,2.65829,2.68216,2.68010,2.68046,2.67680,2.68145,2.68837,2.69053,2.68067,2.69856,2.71493,2.68864,2.70912,2.70827,2.70831,2.72044,2.70772,2.71900,2.73001,2.72279,2.72442,2.73071,2.73026,2.74554,2.73341,2.74738,2.73728,2.75213,2.75035,2.73807,2.75696,2.75342,2.76026,2.77549,2.76211,2.76546,2.78389,2.77872,2.79051,2.78600,2.78156,2.78959,2.80058,2.80181,2.79901,2.80230,2.80431,2.80443,2.82292,2.81404,2.81002,1.64706,1.65448,1.65396,1.64915,1.64588,1.65015,1.63968,1.64197,1.65493,2.84404,2.85231,2.86052,2.86001,2.85913,2.87513,2.86912,2.86581,2.87552,2.87652,2.87172,2.88045,2.88198,2.87387,2.88794,2.89025,2.89230
2.64985,2.66081,2.66576,2.66963,2.66500,2.67890,2.67050,2.67962,2.69205,2.68273,2.68685,2.69962,2.69363,2.69717,2.70336,2.71147,2.69441,2.70589,2.70779,2.71031,2.71473,2.71783,2.72786,2.72353,2.73275,2.73747,2.73351,2.74180,2.75407,2.74898,2.74608,2.75260,2.75037,2.76066,2.76729,2.75997,2.76672,2.77782,2.77095,2.77815,2.77372,2.77798,2.78286,2.80206,2.78955,2.79182,2.79462,2.80001,2.80794,2.80814,2.82235,2.81428,1.65868,1.65166,1.65363,1.64134,1.64924,1.64959,1.64854,1.63708,1.65528,1.64768,1.64737,1.64847,1.64863,2.85744,2.85037,2.85541,2.86574,2.86787,2.86774,2.86956,2.87099,2.87865,2.88908,2.87865,2.89714,2.89606,2.89128,2.90170
2.65320,2.65461,2.66026,2.66854,2.67205,2.67391,2.68060,2.67019,2.68897,2.68048,2.68803,2.69252,2.69106,2.69277,2.69796,2.70693,2.71354,2.71639,2.71003,2.71425,2.71648,2.72770,2.71578,2.73843,2.73109,2.73230,2.74204,2.74920,2.74806,2.75532,2.75281,2.76238,2.76547,2.76040,2.77264,2.76799,2.77052,2.76747,2.77427,2.78367,2.77412,2.78890,2.79009,2.79267,2.78076,2.79638,2.80389,2.79842,2.80654,2.79473,2.81603,1.64603,1.65523,1.63894,1.65415,1.64858,1.65485,1.64445,1.64629,1.66345,1.64502,1.64576,1.64834,1.64386,1.65714,1.66035,2.85578,2.85264,2.87303,2.87565,2.87693,2.88194,2.87279,2.87999,2.87570,2.87849,2.89589,2.88897,2.90968,2.89945
2.66016,2.67179,2.68081,2.67592,2.66870,2.68123,2.69025,2.68204,2.68336,2.69710,2.69484,2.69038,2.69772,2.69847,2.70778,2.70966,2.71890,2.71926,1.24062,1.25444,1.25938,1.25874,1.26418,1.25670,1.25630,1.26958,1.25961,1.25504,1.27615,1.26765,1.27216,1.26761,1.27005,1.27306,1.27984,1.28622,1.27221,1.29251,2.77091,2.77460,2.78807,2.78655,2.78078,2.80407,2.79084,2.80048,2.80320,2.81347,2.80527,2.81705,1.64555,1.65673,1.64542,1.64783,1.66138,1.65190,1.65066,1.66345,1.65217,1.64510,1.65441,1.64291,1.65677,1.65724,1.64656,1.64623,1.65106,2.86508,2.86213,2.87441,2.86175,2.87440,2.87758,2.88136,2.88784,2.88163,2.89553,2.89392,2.89410,2.89280
2.65890,2.67116,2.66622,2.67539,2.68437,2.68720,2.69336,2.68522,2.68349,2.69912,2.69786,2.70574,2.70207,2.71217,2.71308,2.71530,2.71702,2.71939,1.25140,1.25336,1.25994,1.25293,1.26841,1.25936,1.26791,1.26346,1.26452,1.28019,1.26814,1.26434,1.26972,1.27410,1.29093,1.28124,1.28761,1.27799,1.28812,1.29203,2.79081,2.77882,2.78962,2.79082,2.78587,2.79488,2.79642,2.78705,2.80759,2.81024,2.80737,2.80497,1.65888,1.65160,1.65610,1.65846,1.64687,1.65487,1.64855,1.64962,1.64949,1.64999,1.65668,1.65074,1.64908,1.64834,1.65205,1.64463,1.64698,2.86669,2.86660,2.87229,2.87234,2.89102,2.88997,2.88770,2.88768,2.90414,2.89594,2.89648,2.90182,2.90484
2.67646,2.67089,2.68660,2.67171,2.68416,2.67699,2.69690,2.68702,2.69165,2.70055,2.70553,2.69433,2.70192,2.69863,2.71082,2.71239,2.71391,2.71489,1.24768,1.24752,1.25717,1.26510,1.24642,1.25930,1.25949,1.26695,1.26029,1.26712,1.26376,1.27618,1.27460,1.27503,1.28022,1.27852,1.27268,1.28757,1.28773,1.28708,2.78791,2.79231,2.78145,2.78631,2.80328,2.80551,2.79557,2.79592,2.80217,2.80601,2.80250,1.65019,1.64232,1.64274,1.65550,1.64590,1.64957,1.65377,1.65488,1.64798,1.65026,1.64505,1.66048,1.65390,1.64338,1.65002,1.65428,1.65288,1.66098,1.65823,2.86876,2.87446,2.87031,2.88250,2.88491,2.90322,2.89059,2.88044,2.89197,2.89967,2.89446,2.89980
2.66781,2.67505,2.67501,2.67366,2.68673,2.68176,2.68500,2.68272,2.68928,2.70091,2.69029,2.70257,2.71031,2.70674,2.71344,2.70830,2.72586,2.72761,1.25141,1.24147,1.24772,1.26186,1.26828,1.26178,1.26948,1.26035,1.26486,1.26801,1.27254,1.26283,1.27964,1.28394,1.27111,1.27187,1.28410,1.28007,1.27178,1.29285,2.78493,2.78414,2.80268,2.79383,2.79148,2.79961,2.79576,2.80043,2.81032,2.80767,2.81129,1.66001,1.65516,1.65482,1.65317,1.65291,1.65874,1.64988,1.66113,1.64429,1.64847,1.64173,1.64794,1.65311,1.65871,1.64602,1.65003,1.64784,1.64557,1.64286,2.87436,2.86661,2.88066,2.88313,2.88205,2.88293,2.88369,2.90623,2.88995,2.91035,2.90760,2.90482
2.66506,2.68125,2.68838,2.67540,2.68221,2.69331,2.69201,2.70500,2.69258,2.70225,2.69449,2.71758,2.70362,2.69775,2.71325,2.71616,2.73149,2.72097,1.24992,1.25556,1.26352,1.25562,1.26424,1.26311,1.26022,1.26447,1.26617,1.26250,1.27728,1.26369,1.28103,1.28173,1.27744,1.27541,1.28064,1.28684,1.29046,1.28972,2.79195,2.78566,2.79341,2.78559,2.80258,2.80192,2.80151,2.81397,2.81415,2.79610,2.81624,1.64127,1.65640,1.66493,1.64689,1.65045,1.64849,1.65210,1.65387,1.65772,1.64408,1.65943,1.64441,1.65166,1.65695,1.65428,1.64437,1.64579,1.64723,1.64969,2.88288,2.87125,2.88480,2.88866,2.89135,2.89380,2.90311,2.89993,2.90514,2.90638,2.91676,2.89760
2.68169,2.67543,2.67832,2.67718,2.67479,2.68671,2.68788,2.69797,2.68917,2.70959,2.70563,2.70551,2.70574,2.70828,2.70922,2.71573,2.72204,2.72394,1.24151,1.25041,1.24864,1.25696,1.26919,1.26375,1.26012,1.25425,1.25751,1.25788,1.27436,1.26741,1.27438,1.27227,1.27855,1.28841,1.27789,1.28195,1.28116,1.29325,2.78185,2.78420,2.78567,2.78855,2.80283,2.81841,2.80003,2.81471,2.81351,2.80839,2.81634,1.64860,1.64586,1.66158,1.63856,1.65229,1.65199,1.64652,1.65090,1.65527,1.65092,1.65250,1.65416,1.63781,1.65887,1.66367,1.65588,1.65608,1.64155,1.64929,2.87313,2.87748,2.88980,2.88218,2.88922,2.88155,2.89505,2.89954,2.89777,2.90068,2.91932,2.90374
2.66970,2.67415,2.68919,2.69761,2.68999,2.68670,2.69143,2.70339,2.69453,2.71172,2.71450,2.70942,2.71588,2.71950,2.72733,2.71469,2.73109,2.72475,1.24539,1.25262,1.25271,1.25008,1.24842,1.25435,1.27071,1.27578,1.26990,1.27512,1.26690,1.27154,1.27570,1.26951,1.27206,1.28058,1.28008,1.27762,1.28832,1.28642,2.79613,2.79297,2.79420,2.79977,2.80097,2.80099,2.80559,2.81550,2.81788,2.82472,1.63984,1.64764,1.64751,1.65103,1.64729,1.64692,1.65470,1.65107,1.64300,1.65801,1.65598,1.64656,1.65499,1.64559,1.65675,1.64869,1.64518,1.64776,1.64541,1.65115,1.65105,2.88321,2.88266,2.86703,2.89256,2.88362,2.89947,2.90778,2.90564,2.90466,2.90892,2.91220
2.67470,2.67750,2.67846,2.69413,2.68991,2.69874,2.69450,2.69943,2.70098,2.70778,2.71296,2.71244,2.70996,2.71232,2.72996,2.72132,2.72425,2.73779,1.25653,1.25520,1.25160,1.27012,1.26036,1.26328,1.26097,1.25551,1.25799,1.27044,1.27235,1.27056,1.26697,1.26735,1.27603,1.27126,1.28739,1.29092,1.30297,1.29327,2.78844,2.78977,2.77729,2.79743,2.80294,2.81281,2.81367,2.81653,2.81728,2.82297,2.83069,1.64361,1.64726,1.64167,1.65971,1.65778,1.65451,1.64281,1.65104,1.64859,1.65048,1.64887,1.65312,1.64763,1.65513,1.65145,1.64824,1.64933,1.64736,1.65488,2.88037,2.88677,2.88565,2.88209,2.89944,2.89065,2.90407,2.90552,2.89606,2.90333,2.90892,2.91008
2.67291,2.68744,2.68456,2.69131,2.68942,2.69683,2.69349,2.70084,2.70749,2.70727,2.70726,2.70648,2.71701,2.72107,2.72045,2.72038,2.73126,2.74589,1.24819,1.25402,1.25626,1.24060,1.25874,1.25576,1.27031,1.26248,1.26133,1.26669,1.27100,1.26864,1.27368,1.26788,1.27665,1.28465,1.29382,1.28824,1.28763,1.29510,1.45611,1.45998,1.45650,1.44929,1.45155,1.45107,1.45181,1.45120,1.44531,1.43738,1.44597,1.43784,1.45041,1.65003,1.63995,1.65413,1.65520,1.65058,1.66001,1.66123,1.64276,1.65622,1.65265,1.65251,1.65561,1.64568,1.64645,1.64504,1.64547,1.64941,2.87529,2.88073,2.89347,2.89257,2.89830,2.88766,2.89730,2.90167,2.90820,2.90748,2.91960,2.91665
2.68210,2.68508,2.69225,2.68817,2.70073,2.69976,2.70092,2.70325,2.70912,2.71509,2.71767,2.71726,2.72326,2.72171,2.73151,2.72684,2.71755,2.74103,1.25065,1.24497,1.25281,1.25070,1.27060,1.26299,1.25259,1.26728,1.26361,1.27950,1.26368,1.25852,1.27440,1.27391,1.27550,1.26715,1.28456,1.29404,1.27455,1.29503,1.44659,1.46409,1.45262,1.44887,1.45663,1.45316,1.44645,1.45426,1.44694,1.43927,1.46219,1.44790,1.44635,1.65203,1.64064,1.64188,1.64700,1.64688,1.65043,1.65674,1.64716,1.65296,1.65361,1.64350,1.65137,1.64434,1.65638,1.65273,1.65010,1.64196,2.88670,2.88440,2.89624,2.89428,2.89313,2.90655,2.90833,2.90344,2.91697,2.91121,2.91415,2.91974
2.67948,2.68435,2.68904,2.70218,2.70500,2.69745,2.71166,2.70474,2.71028,2.71630,2.71575,2.73149,2.72146,2.71581,2.73383,2.72653,2.73017,2.71705,1.25601,1.25691,1.25879,1.26187,1.26815,1.25972,1.26763,1.25954,1.26388,1.27434,1.27235,1.26400,1.27617,1.27490,1.27309,1.28261,1.27957,1.27458,1.27933,1.29862,1.44091,1.45134,1.45366,1.45384,1.44265,1.44807,1.45085,1.45480,1.44613,1.44302,1.45602,1.45663,1.45222,1.64635,1.65244,1.65066,1.65503,1.64251,1.65070,1.64905,1.64334,1.65129,1.65021,1.64754,1.65238,1.64149,1.64968,1.65259,1.65170,1.65646,2.88079,2.88195,2.89543,2.89973,2.91272,2.90670,2.90076,2.91384,2.90693,2.90608,2.93365,2.92295
2.69029,2.69238,2.70287,2.69670,2.70531,2.69484,2.69565,2.71556,2.71885,2.71606,2.71736,2.72000,2.71787,2.73423,2.73195,2.73404,2.73626,2.74329,1.25303,1.25647,1.24699,1.25906,1.27112,1.25689,1.26123,1.26935,1.27174,1.27175,1.26029,1.27501,1.26690,1.27105,1.28129,1.27823,1.28686,1.30289,1.29066,1.29234,1.44463,1.44614,1.44362,1.44680,1.44345,1.44604,1.44875,1.44400,1.44149,1.44183,1.45272,1.45036,1.45616,1.65627,1.64796,1.65402,1.64136,1.66370,1.65717,1.64871,1.64302,1.65228,1.63878,1.64532,1.65449,1.65045,1.64705,1.65570,1.64377,2.88871,2.88701,2.88792,2.89878,2.89304,2.91341,2.90149,2.91994,2.90444,2.91764,2.90980,2.91195,2.92396
2.69207,2.68335,2.70110,2.69221,2.70079,2.70528,2.70957,2.69821,2.72171,2.71837,2.71545,2.71486,2.71384,2.71883,2.73327,2.73095,2.72921,2.73584,1.25938,1.25002,1.25049,1.26410,1.26077,1.26027,1.25835,1.25469,1.25898,1.26512,1.26868,1.27414,1.27731,1.27734,1.27932,1.27395,1.26907,1.28087,1.28028,1.28408,1.44835,1.44254,1.44334,1.44940,1.45069,1.44606,1.45299,1.44868,1.44388,1.45024,1.46129,1.44595,1.45700,1.65827,1.65899,1.64506,1.66209,1.65070,1.64848,1.64862,1.65361,1.65031,1.64894,1.65770,1.64566,1.64374,1.65476,1.65422,1.65656,2.88257,2.89849,2.89789,2.90858,2.89351,2.90531,2.90533,2.90046,2.90871,2.92276,2.91619,2.91766,2.93021
2.69593,2.69892,2.69126,2.69865,2.70818,2.70106,2.70350,2.71597,2.72337,2.71009,2.70441,2.71430,2.71993,2.72817,2.73570,2.73412,2.73380,2.74192,1.24423,1.25172,1.25015,1.27208,1.26290,1.25499,1.25602,1.26137,1.25613,1.26362,1.26557,1.27730,1.27144,1.27126,1.26996,1.27294,1.28160,1.28271,1.29281,1.28423,1.45636,1.45154,1.44997,1.43795,1.44226,1.45445,1.45839,1.45124,1.45458,1.44755,1.44777,1.44602,1.45585,1.65206,1.64859,1.64803,1.65334,1.65194,1.64501,1.66030,1.65154,1.65006,1.65886,1.65614,1.64947,1.65322,1.64358,1.64615,2.87444,2.89832,2.88261,2.90109,2.89502,2.89713,2.90483,2.91060,2.91567,2.92563,2.92015,2.92629,2.92041,2.93128
2.69292,2.69222,2.69742,2.70063,2.70515,2.70941,2.70695,2.70856,2.72048,2.70882,2.71829,2.73432,2.71176,2.72684,2.73813,2.72710,2.75559,2.72747,1.25862,1.26134,1.25950,1.25467,1.26014,1.25462,1.26686,1.25728,1.26436,1.27398,1.26331,1.26981,1.27499,1.26795,1.28499,1.28204,1.27291,1.28372,1.28135,1.28405,1.45046,1.44574,1.45579,1.44577,1.45589,1.44974,1.45513,1.44675,1.44697,1.44309,1.45347,1.45563,1.46272,2.85274,1.65150,1.64873,1.65233,1.64983,1.65878,1.65566,1.64498,1.64587,1.65820,1.65185,1.64861,1.65712,1.64767,2.88532,2.88723,2.88123,2.90119,2.89175,2.89859,2.90054,2.91236,2.91059,2.91409,2.90692,2.91948,2.91414,2.92784,2.93120
2.69390,2.70926,2.70317,2.70657,2.70685,2.70784,2.71780,2.72161,2.71019,2.72733,2.72708,2.73276,2.73280,2.72553,2.72896,2.74995,2.74351,2.73650,1.25209,1.24983,1.24294,1.24226,1.24838,1.26163,1.26171,1.26251,1.26771,1.27161,1.25738,1.27019,1.26903,1.26860,1.27472,1.27926,1.28040,1.27527,1.28310,1.30009,1.44367,1.43988,1.45165,1.45358,1.45278,1.44328,1.45599,1.44529,1.44319,1.44635,1.44935,1.45428,1.45374,2.84687,2.85560,2.85349,1.65538,1.64158,1.64055,1.65465,1.64166,1.64819,1.64941,1.64707,1.64728,2.89136,2.87082,2.89430,2.90577,2.89514,2.89789,2.90536,2.91497,2.89987,2.91053,2.91188,2.91936,2.91996,2.92596,2.92247,2.92829,2.92698
2.69201,2.69815,2.70115,2.69797,2.71742,2.71019,2.70570,2.72361,2.71551,2.72605,2.72590,2.73050,2.73303,2.73155,2.73825,2.75320,2.73057,2.74740,1.25261,1.24569,1.24578,1.26895,1.25577,1.27247,1.26521,1.26446,1.26886,1.27181,1.27708,1.27461,1.27487,1.27706,1.28611,1.28490,1.27599,1.28019,1.28798,1.28426,1.44774,1.44426,1.44843,1.45254,1.45597,1.45006,1.46245,1.44954,1.46916,1.45601,1.45298,1.44701,1.43305,2.84807,2.85307,2.86653,2.84972,2.87244,2.86249,2.87134,1.63476,2.87383,2.87394,2.88309,2.88255,2.87815,2.89368,2.89517,2.89758,2.90305,2.90661,2.90287,2.89785,2.90069,2.92010,2.91926,2.91861,2.91839,2.92419,2.92715,2.92798,2.92881
2.71099,2.70237,2.70037,2.69919,2.70565,2.71732,2.72055,2.71769,2.72231,2.72317,2.72135,2.73881,2.73624,2.75186,2.73546,2.74217,2.75130,2.74753,1.24167,1.24631,1.25460,1.25806,1.25743,1.26602,1.26796,1.26594,1.26616,1.26648,1.27331,1.27752,1.27436,1.27870,1.27605,1.27153,1.27599,1.28859,1.28868,1.29754,1.45034,1.45519,1.45794,1.45597,1.44635,1.44889,1.45078,1.44408,1.45285,1.45614,1.44711,1.46184,1.44826,2.84978,2.85257,2.85275,2.86251,2.86312,2.87597,2.87264,2.87523,2.87367,2.86951,2.88046,2.87890,2.89271,2.88982,2.90299,2.90041,2.90401,2.90338,2.90625,2.91192,2.91654,2.90974,2.91995,2.93573,2.92246,2.92447,2.92485,2.92331,2.94213
2.70037,2.70480,2.71707,2.72406,2.70667,2.72133,2.72174,2.72340,2.72688,2.72687,2.73955,2.73670,2.73808,2.74650,2.74739,2.74778,2.74998,2.76155,1.25307,1.25148,1.24887,1.25395,1.25172,1.26066,1.26356,1.25171,1.26613,1.27191,1.27102,1.26629,1.28163,1.27184,1.27065,1.27353,1.28193,1.28991,1.29301,1.28927,1.44285,1.44607,1.44463,1.44894,1.43937,1.45068,1.45388,1.44911,1.45277,1.44438,1.44128,1.44618,1.45695,2.85919,2.85326,2.86623,2.86006,2.87408,2.87090,2.86829,2.87878,2.87236,2.87439,2.87430,2.88755,2.88868,2.89154,2.89254,2.90663,2.89846,2.89966,2.91448,2.91853,2.91503,2.90556,2.91540,2.92568,2.92511,2.93732,2.92280,2.93807,2.93324
2.70994,2.70455,2.71418,2.70711,2.70554,2.71034,2.71636,2.71685,2.73320,2.73703,2.73364,2.72879,2.73729,2.73688,2.75272,2.74890,2.75294,2.75060,1.23793,1.24737,1.24730,1.25822,1.25858,1.25519,1.25967,1.27340,1.26024,1.26249,1.26863,1.26781,1.27143,1.27919,1.28839,1.26932,1.28189,1.28425,1.28550,1.28688,1.44796,1.45603,1.44721,1.44924,1.45000,1.45064,1.44897,1.45600,1.44995,1.45104,1.44969,1.44398,1.44502,2.84870,2.85916,2.85672,2.85763,2.86843,2.87315,2.86244,2.88614,2.87919,2.88137,2.89140,2.88842,2.88738,2.90717,2.89055,2.89941,2.90808,2.89958,2.90839,2.91432,2.92941,2.91264,2.92071,2.92795,2.92749,2.92278,2.93545,2.93665,2.94167
2.71079,2.71308,2.71245,2.71486,2.70941,2.71819,2.72332,2.72259,2.72859,2.72605,2.74321,2.74991,2.73766,2.74540,2.74460,2.75658,2.75461,2.75546,1.24866,1.25276,1.24800,1.26005,1.25372,1.26321,1.26278,1.27057,1.26590,1.27414,1.26447,1.27566,1.27266,1.27717,1.27843,1.28562,1.26988,1.28594,1.27703,1.29524,1.43816,1.44398,1.43996,1.45984,1.44227,1.45068,1.44679,1.43920,1.44798,1.45398,1.44889,1.45565,1.44783,2.85704,2.85769,2.86506,2.87739,2.87117,2.87317,2.87129,2.87347,2.88978,2.87733,2.88152,2.88942,2.89044,2.90774,2.88480,2.90417,2.90928,2.90128,2.90713,2.91660,2.92678,2.91448,2.91352,2.93183,2.93814,2.92999,2.92172,2.94671,2.93981
2.71274,2.70874,2.70975,2.71229,2.72684,2.72961,2.71117,2.72138,2.74066,2.73080,2.72784,2.73903,2.74135,2.74442,2.74512,2.74914,2.75126,2.75900,2.75512,2.76126,2.76514,2.77683,2.77424,2.77434,2.78122,2.78344,2.79053,2.79004,2.80076,2.80107,2.79575,2.79651,2.80730,2.80810,2.80743,2.80214,2.80301,2.81909,1.45463,1.45482,1.44228,1.45622,1.44680,1.45233,1.45250,1.44519,1.44645,1.43756,1.44450,1.43918,1.45262,2.85937,2.86748,2.86714,2.86419,2.87308,2.87166,2.88065,2.88189,2.87707,2.88601,2.88933,2.89015,2.90037,2.90828,2.89879,2.90190,2.89351,2.90923,2.91038,2.90303,2.92073,2.92555,2.92060,2.92576,2.92520,2.93858,2.92790,2.93812,2.95471
2.70831,2.71381,2.71312,2.70995,2.71980,2.72544,2.71986,2.73105,2.73947,2.74142,2.72850,2.73515,2.73432,2.75343,2.75366,2.75722,2.75073,2.75200,2.76246,2.76561,2.76287,2.77185,2.77787,2.77837,2.77376,2.77032,2.78445,2.78999,2.79044,2.79243,2.79385,2.80529,2.80369,2.80774,2.80417,2.80928,2.81698,2.81297,1.44244,1.44803,1.45721,1.45115,1.45876,1.44921,1.44814,1.44165,1.44654,1.45861,1.45197,1.45440,1.45423,2.86094,2.86277,2.86772,2.87403,2.87575,2.87895,2.87992,2.87738,2.88343,2.88235,2.89703,2.88139,2.89569,2.91432,2.90095,2.89919,2.90889,2.91974,2.91404,2.92168,2.92160,2.92176,2.94590,2.93043,2.92978,2.93306,2.94128,2.94446,2.94963
2.71085,2.70441,2.71919,2.71715,2.72028,2.71610,2.72456,2.72664,2.73378,2.72828,2.74030,2.74375,2.73928,2.74525,2.74685,2.76045,2.74283,2.75894,2.75404,2.76441,2.77508,2.76922,2.77683,2.77393,2.79364,2.79048,2.79476,2.78303,2.78739,2.80348,2.79883,2.80145,2.80800,2.80147,2.81664,2.81511,2.82088,2.81698,1.45308,1.44577,1.45573,1.45678,1.45547,1.45310,1.45380,1.43376,1.45501,1.44836,1.45057,1.44830,1.44165,2.85977,2.86995,2.87750,2.86826,2.86958,2.88671,2.87570,2.89644,2.88730,2.88470,2.89891,2.90616,2.89039,2.91135,2.90331,2.91692,2.90872,2.90454,2.92001,2.92556,2.93558,2.93634,2.93317,2.93057,2.93188,2.93623,2.93601,2.94235,2.93173
2.71307,2.71483,2.73340,2.72555,2.72112,2.73039,2.72265,2.72938,2.72479,2.74762,2.74556,2.73795,2.74764,2.75670,2.75697,2.75929,2.75485,2.75918,2.76657,2.77452,2.76703,2.76827,2.78486,2.77542,2.79046,2.78846,2.79529,2.80347,2.80013,2.80366,2.79649,2.80083,2.81186,2.82021,2.82235,2.83090,2.82187,2.82422,2.83204,2.82911,2.83163,2.82872,2.84395,2.83457,2.84707,2.83848,2.85658,2.84683,2.86106,2.84946,2.85936,2.87207,2.86317,2.87140,2.87113,2.86314,2.88185,2.88559,2.87935,2.89244,2.88723,2.88898,2.89804,2.89691,2.91775,2.89767,2.91443,2.91893,2.90412,2.90861,2.92537,2.92211,2.93030,2.93784,2.93177,2.93062,2.92362,2.94423,2.94043,2.95088
2.71539,2.70869,2.73034,2.72950,2.73109,2.72189,2.72956,2.73172,2.73551,2.73426,2.74661,2.74838,2.75219,2.74996,2.76375,2.76013,2.74557,2.76116,2.76766,2.77679,2.77220,2.77550,2.77602,2.78699,2.78331,2.78538,2.78755,2.79834,2.79480,2.79094,2.80774,2.80279,2.81214,2.81524,2.82322,2.82527,2.81855,2.82400,2.82026,2.84106,2.83665,2.84537,2.83809,2.83071,2.85519,2.84956,2.85280,2.85533,2.86187,2.86420,2.85446,2.87352,2.86683,2.87020,2.88636,2.88452,2.87997,2.87386,2.88897,2.89423,2.89352,2.88952,2.89526,2.89547,2.90729,2.91392,2.91815,2.91061,2.91941,2.92432,2.92093,2.92611,2.94274,2.93423,2.94130,2.93639,2.94225,2.93471,2.94785,2.95815
2.72859,2.72618,2.72612,2.72532,2.72440,2.73004,2.73768,2.73229,2.74560,2.73710,2.73532,2.74293,2.74201,2.74677,2.76479,2.75980,2.76531,2.77395,2.77755,2.76997,2.78397,2.78131,2.78202,2.78765,2.77945,2.78628,2.79335,2.80066,2.79777,2.80224,2.81182,2.81747,2.81660,2.82261,2.81557,2.81916,2.82591,2.82519,2.82696,2.84291,2.83479,2.83320,2.84492,2.85601,2.84848,2.85839,2.85137,2.85405,2.85586,2.86214,2.87702,2.86207,2.88182,2.86895,2.87660,2.88601,2.88778,2.88869,2.88010,2.89517,2.88987,2.91441,2.90072,2.90613,2.90112,2.90813,2.90625,2.92289,2.91843,2.92638,2.92189,2.92599,2.93973,2.92917,2.92719,2.94344,2.93715,2.94436,2.95547,2.94809
2.72327,2.71691,2.73294,2.73495,2.72717,2.73172,2.73101,2.74020,2.74890,2.73632,2.75350,2.74306,2.74884,2.74627,2.77263,2.76335,2.76747,2.76494,2.77840,2.76238,2.77816,2.79424,2.78171,2.78710,2.79403,2.78813,2.79614,2.80477,2.80317,2.80723,2.80590,2.81289,2.81433,2.82573,2.82435,2.82154,2.81132,2.83329,2.83653,2.82950,2.82601,2.83415,2.84956,2.84061,2.84724,2.85432,2.86335,2.85889,2.86140,2.86171,2.87778,2.87740,2.87343,2.86862,2.87526,2.88648,2.88167,2.89435,2.89417,2.89676,2.90192,2.90399,2.89887,2.90505,2.92404,2.90575,2.91315,2.92539,2.92104,2.92013,2.92006,2.93422,2.94012,2.94540,2.94032,2.94927,2.93980,2.95001,2.94794,2.95604
2.72450,2.72942,2.72006,2.73660,2.72915,2.72885,2.73698,2.73222,2.74403,2.74874,2.74880,2.75622,2.75411,2.75902,2.75336,2.76526,2.76289,2.76830,2.77344,2.77815,2.77012,2.77362,2.78419,2.79185,2.79416,2.80036,2.80581,2.80398,2.80388,2.80081,2.80432,2.81020,2.81760,2.82032,2.82203,2.82408,2.83178,2.83225,2.83579,2.83885,2.83672,2.83681,2.84895,2.85150,2.85068,2.85251,2.87167,2.85644,2.86269,2.86859,2.86307,2.87370,2.88679,2.88460,2.88579,2.88855,2.88867,2.89675,2.89306,2.89446,2.90061,2.90843,2.90798,2.91305,2.89986,2.92216,2.93204,2.92901,2.92209,2.92191,2.93166,2.92708,2.94035,2.93585,2.94776,2.95317,2.93581,2.95276,2.94981,2.94854
2.71830,2.72369,2.73420,2.72187,2.74030,2.74911,2.74358,2.74628,2.74592,2.74195,2.75521,2.75730,2.76239,2.77641,2.76837,2.76955,2.77937,2.76493,2.76914,2.77675,2.77807,2.78916,2.78610,2.80144,2.80312,2.80162,2.79768,2.80670,2.81087,2.80260,2.81409,2.81924,2.81930,2.83043,2.83128,2.82205,2.83075,2.82799,2.83948,2.83380,2.84754,2.84733,2.85383,2.85013,2.84526,2.86760,2.85896,2.87126,2.86858,2.87304,2.88298,2.87704,2.88640,2.87209,2.88923,2.88555,2.88920,2.89305,2.89808,2.90894,2.89088,2.90526,2.90370,2.91799,2.91146,2.91974,2.91761,2.92701,2.93209,2.92662,2.93229,2.92648,2.93983,2.94614,2.94067,2.95372,2.93756,2.94189,2.94767,2.95609
2.72411,2.72653,2.72960,2.73734,2.73317,2.73142,2.73454,2.75768,2.73389,2.74994,2.76275,2.75990,2.75502,2.76301,2.77118,2.77625,2.76660,2.77956,2.77952,2.78763,2.79234,2.78494,2.78130,2.79538,2.80666,2.80311,2.80338,2.81941,2.80176,2.81642,2.81058,2.81730,2.82054,2.83209,2.82038,2.82579,2.82244,2.83792,2.83525,2.84353,2.83756,2.84484,2.85623,2.85195,2.85975,2.86217,2.85988,2.85564,2.87391,2.87202,2.87990,2.86492,2.87007,2.87014,2.88074,2.89525,2.89540,2.89480,2.89879,2.90556,2.90219,2.90938,2.91084,2.89988,2.91369,2.92715,2.91962,2.92414,2.92436,2.92809,2.94074,2.93539,2.93387,2.92433,2.94256,2.93720,2.94106,2.95977,2.96225,2.94950
2.73111,2.73176,2.72730,2.73941,2.72824,2.73377,2.73536,2.74033,2.75527,2.74500,2.74909,2.75329,2.76317,2.76296,2.77317,2.76673,2.76626,2.77398,2.78021,2.77740,2.78764,2.79987,2.78847,2.79522,2.80606,2.79705,2.79885,2.80037,2.81231,2.81600,2.81502,2.81916,2.82954,2.83010,2.81948,2.83082,2.83451,2.84119,2.83852,2.83898,2.84310,2.83818,2.85169,2.85126,2.86063,2.85467,2.86121,2.86094,2.86341,2.87700,2.87301,2.88146,2.87508,2.88537,2.87765,2.88791,2.89076,2.90026,2.90084,2.90171,2.91078,2.90990,2.91498,2.91934,2.91735,2.91898,2.92570,2.92424,2.93206,2.93938,2.94085,2.93645,2.93403,2.94439,2.94697,2.95735,2.95143,2.95547,2.96413,2.95986
2.72677,2.74099,2.74264,2.74049,2.74133,2.73691,2.74906,2.74906,2.75304,2.75161,2.75764,2.75961,2.76561,2.77527,2.77188,2.76279,2.76991,2.76923,2.77696,2.78806,2.79012,2.78713,2.79531,2.79218,2.79121,2.79429,2.80057,2.81722,2.80368,2.82215,2.82566,2.81962,2.82341,2.82303,2.82956,2.83664,2.83575,2.84467,2.84880,2.84675,2.84965,2.85033,2.85577,2.85002,2.86212,2.86392,2.86053,2.88158,2.86587,2.86949,2.87936,2.86909,2.87895,2.87756,2.88390,2.89189,2.89760,2.90529,2.90651,2.91177,2.91120,2.90787,2.92036,2.91375,2.91600,2.93184,2.93040,2.92999,2.93618,2.93994,2.92951,2.94011,2.93661,2.94740,2.94565,2.96081,2.95878,2.95380,2.96156,2.95741
2.72991,2.73595,2.73724,2.72710,2.73966,2.74771,2.74950,2.75761,2.74596,2.75980,2.75576,2.76383,2.76809,2.77278,2.76820,2.77577,2.77065,2.77220,2.78699,2.78633,2.77995,2.78756,2.79577,2.80798,2.80792,2.80944,2.79695,2.81007,2.81651,2.81901,2.82215,2.82125,2.83619,2.83751,2.83109,2.82877,2.84997,2.83734,2.85083,2.85810,2.84399,2.85439,2.85356,2.86174,2.86357,2.87632,2.87119,2.87060,2.88040,2.87502,2.87746,2.89608,2.88072,2.88572,2.89191,2.88831,2.88500,2.90698,2.89894,2.90340,2.90741,2.90676,2.90920,2.91961,2.93603,2.92907,2.93213,2.92161,2.93350,2.92955,2.94428,2.94128,2.94588,2.94812,2.94815,2.94552,2.96112,2.95235,2.95656,2.96486
2.72741,2.73622,2.74371,2.74214,2.74483,2.74679,2.75479,2.74157,2.75785,2.75305,2.75425,2.76467,2.76532,2.77415,2.78025,2.76269,2.77921,2.79440,2.79085,2.79732,2.79226,2.78603,2.79090,2.80492,2.80940,2.80226,2.80804,2.81422,2.80515,2.81655,2.83136,2.83776,2.82700,2.84164,2.83050,2.83179,2.82622,2.84839,2.84340,2.86269,2.85364,2.85578,2.84681,2.86965,2.86147,2.86568,2.85641,2.87821,2.88159,2.87502,2.88221,2.88701,2.89343,2.89128,2.90399,2.89520,2.89602,2.89986,2.89043,2.90382,2.91770,2.91625,2.91275,2.92277,2.91156,2.92496,2.93282,2.93686,2.93102,2.94415,2.95289,2.94211,2.95212,2.94133,2.94190,2.96035,2.95994,2.96388,2.96218,2.96692
2.73855,2.74699,2.73839,2.73278,2.75333,2.75230,2.75578,2.75578,2.77163,2.76114,2.76678,2.75557,2.76622,2.76857,2.77551,2.78078,2.77719,2.79508,2.78130,2.78799,2.79512,2.78918,2.80312,2.80649,2.80394,2.82015,2.81218,2.81638,2.81193,2.81064,2.81990,2.82476,2.82696,2.83731,2.82137,2.83188,2.83073,2.85275,2.84430,2.84760,2.84708,2.86209,2.85722,2.86403,2.85348,2.87573,2.87407,2.87801,2.88512,2.87954,2.88270,2.89101,2.89226,2.89123,2.89597,2.89567,2.90600,2.91031,2.90774,2.92199,2.90446,2.91530,2.92999,2.92017,2.91609,2.93710,2.93499,2.92753,2.94237,2.93456,2.93565,2.94580,2.94682,2.94611,2.95351,2.95267,2.96207,2.96458,2.97220,2.96798
2.72771,2.73078,2.74024,2.75395,2.75282,2.74686,2.75938,2.74974,2.76581,2.76041,2.77034,2.77246,2.77005,2.77669,2.77130,2.78027,2.79024,2.81137,2.79395,2.79325,2.78963,2.80509,2.79175,2.79989,2.80988,2.80347,2.82299,2.82330,2.81630,2.81938,2.81779,2.82029,2.83439,2.83848,2.83984,2.84232,2.84035,2.84889,2.84086,2.85277,2.86460,2.86669,2.85893,2.86271,2.87602,2.88149,2.86471,2.87416,2.88113,2.89006,2.88068,2.89259,2.88992,2.90903,2.90032,2.89992,2.90171,2.91309,2.91382,2.90621,2.91704,2.91066,2.91718,2.91693,2.91974,2.92659,2.92783,2.93991,2.94453,2.94129,2.93899,2.95358,2.93954,2.94309,2.96211,2.96468,2.96960,2.96543,2.96213,2.96966
2.74115,2.73611,2.73950,2.73833,2.74272,2.75781,2.75847,2.75173,2.75522,2.76134,2.77103,2.76369,2.77272,2.76381,2.77216,2.78527,2.79114,2.78176,2.78707,2.79954,2.79538,2.79747,2.80686,2.80791,2.81643,2.81752,2.81227,2.81802,2.82137,2.81657,2.82187,2.83659,2.82418,2.84273,2.84146,2.84190,2.84898,2.85161,2.85902,2.85233,2.85637,2.85926,2.87508,2.87244,2.86418,2.87074,2.87150,2.87883,2.88304,2.89856,2.87676,2.89695,2.89638,2.89253,2.89886,2.89978,2.90606,2.91482,2.90262,2.92267,2.91552,2.92981,2.92625,2.93419,2.93318,2.93931,2.93612,2.93378,2.94583,2.94906,2.96041,2.93873,2.95260,2.96318,2.95225,2.96142,2.97853,2.97732,2.96651,2.98338
